{"res_loss":98.84979744824093,"_timestamp":1.728783181749227e+09,"ics_loss":1.7570057957415668,"_runtime":10.682902,"_wandb":{"runtime":10},"ics_weight":16.10754172822452,"res_weight":0.9501644310975946,"l2_error":1.5440087724189437,"_step":0}