{"_wandb":{"runtime":1240},"_runtime":1240.752776,"l2_error":0.5154088139533997,"ics_weight":6.6340556144714355,"_timestamp":1.72884411752463e+09,"ics_loss":0.001669866731390357,"_step":2900,"res_loss":0.01782078668475151,"res_weight":0.8679400086402893}