{"res_loss":5.446480827231426e-06,"alpha_2":0.02897583693265915,"_runtime":17807.789768,"l2_error":0.0030170453246682882,"alpha_1":0.02602197974920273,"_timestamp":1.728108714927361e+09,"ics_weight":2.307767868041992,"_step":29900,"res_weight":0.6692824959754944,"ics_loss":1.5288974282157142e-06,"alpha_0":0.023295104503631592,"_wandb":{"runtime":17807}}