{"ics_weight":3.8598055839538574,"ics_loss":0.39091432094573975,"_runtime":12.103257,"res_loss":7.404178142547607,"res_weight":0.9508586525917053,"_timestamp":1.728786490317954e+09,"_wandb":{"runtime":12},"_step":0,"l2_error":1.2943687438964844}