{"alpha_1":0.01813841238617897,"_timestamp":1.727919885015914e+09,"_wandb":{"runtime":15610},"_step":29900,"ics_weight":2.073726177215576,"alpha_0":0.024362437427043915,"ics_loss":9.387870250066044e-07,"res_weight":0.6703280210494995,"res_loss":2.0801085156563204e-06,"alpha_2":0.022688452154397964,"_runtime":15610.749523,"l2_error":0.0023339486215263605}