{"_runtime":14.180164,"_timestamp":1.728831629447513e+09,"ics_loss":0.39091432094573975,"_wandb":{"runtime":14},"l2_error":1.2943687438964844,"res_loss":7.404178142547607,"res_weight":0.9508586525917053,"ics_weight":3.8598055839538574,"_step":0}