{"_runtime":10.828655,"res_loss":98.84979744824093,"ics_loss":1.7570057957415668,"ics_weight":16.10754172822452,"_timestamp":1.728783261301322e+09,"_step":0,"res_weight":0.9501644310975946,"_wandb":{"runtime":10},"l2_error":1.5440087724189437}