{"_step":0,"_runtime":15.447625,"_wandb":{"runtime":15},"ics_loss":1.7570057957415672,"ics_weight":16.10754172822452,"res_weight":0.9501644310975946,"_timestamp":1.7287836740085819e+09,"res_loss":98.84979744824108,"l2_error":1.544008772418944}