{"res_loss":1.8265866401634412e-06,"res_weight":0.6574700474739075,"l2_error":0.0019314396195113659,"_wandb":{"runtime":15655},"ics_loss":6.77543539495673e-07,"ics_weight":2.1718947887420654,"alpha_1":0.01606704108417034,"_runtime":15655.486169,"alpha_0":0.02290339395403862,"_timestamp":1.727920043585974e+09,"alpha_2":0.02242959477007389,"_step":29900}