{"_wandb":{"runtime":11},"res_loss":7.404178142547607,"_step":0,"ics_loss":0.39091432094573975,"l2_error":1.2943687438964844,"res_weight":0.9508586525917053,"_timestamp":1.72878282289295e+09,"ics_weight":3.8598055839538574,"_runtime":11.543524}