{"_wandb":{"runtime":15},"res_weight":0.9508586525917053,"_runtime":15.383889,"l2_error":1.2943687438964844,"_step":0,"ics_weight":3.8598055839538574,"_timestamp":1.728829876938816e+09,"ics_loss":0.39091432094573975,"res_loss":7.404178142547607}