{"_step":0,"res_loss":7.404178142547607,"res_weight":0.9508586525917053,"_wandb":{"runtime":15},"ics_weight":3.8598055839538574,"_timestamp":1.7288295669291189e+09,"_runtime":15.886956,"l2_error":1.2943687438964844,"ics_loss":0.39091432094573975}