{"_wandb":{"runtime":10},"res_weight":0.9508586525917053,"ics_weight":3.8598055839538574,"_step":0,"_timestamp":1.728787317149239e+09,"res_loss":7.404178142547607,"l2_error":1.2943687438964844,"ics_loss":0.39091432094573975,"_runtime":10.43064}