{"l2_error":1.2943687438964844,"_timestamp":1.728787408319608e+09,"ics_weight":3.8598055839538574,"res_weight":0.9508586525917053,"_runtime":10.599142,"_step":0,"ics_loss":0.39091432094573975,"res_loss":7.404178142547607,"_wandb":{"runtime":10}}