{"_wandb":{"runtime":13},"ics_loss":0.39091432094573975,"ics_weight":3.8598055839538574,"_timestamp":1.728831101736354e+09,"_runtime":13.759387,"l2_error":1.2943687438964844,"_step":0,"res_loss":7.404178142547607,"res_weight":0.9508586525917053}