{"res_weight":0.60075843334198,"_timestamp":1.72771860142866e+09,"l2_error":0.003056478453800082,"_wandb":{"runtime":51040},"alpha_0":0.021991848945617676,"ics_loss":1.7092156667786185e-06,"alpha_2":0.023429501801729202,"res_loss":8.071021511568688e-06,"ics_weight":3.2948100566864014,"alpha_1":0.02332126721739769,"_runtime":51040.838914,"_step":20400}