{"_runtime":14.823719,"ics_weight":16.10754172822452,"_step":0,"res_weight":0.9501644310975946,"res_loss":98.84979744824108,"l2_error":1.544008772418944,"ics_loss":1.7570057957415672,"_wandb":{"runtime":14},"_timestamp":1.7287845452531352e+09}