{"ics_weight":16.10754172822452,"l2_error":1.544008772418944,"_timestamp":1.728783755073704e+09,"ics_loss":1.7570057957415672,"res_weight":0.9501644310975946,"res_loss":98.84979744824108,"_wandb":{"runtime":14},"_runtime":14.90813,"_step":0}