{"res_loss":7.404178142547607,"l2_error":1.2943687438964844,"_wandb":{"runtime":11},"_runtime":11.697694,"_step":0,"res_weight":0.9508586525917053,"ics_loss":0.39091432094573975,"ics_weight":3.8598055839538574,"_timestamp":1.728782458388972e+09}