{"res_loss":7.404178142547607,"_runtime":14.206591,"_step":0,"res_weight":0.9508586525917053,"l2_error":1.2943687438964844,"_timestamp":1.728831473248799e+09,"_wandb":{"runtime":14},"ics_loss":0.39091432094573975,"ics_weight":3.8598055839538574}