{"ics_loss":0.38148409128189087,"res_loss":1.1872655153274536,"_step":29900,"res_weight":1,"_wandb":{"runtime":5834},"alpha_2":0.012891705147922039,"ics_weight":1,"_runtime":5834.826182,"l2_error":1.4420936107635498,"alpha_1":0.015372912399470806,"alpha_0":0.014338434673845768,"_timestamp":1.727386356458313e+09}