{"l2_error":0.003442630637437105,"_wandb":{"runtime":11381},"_timestamp":1.727917288621323e+09,"_runtime":11381.679987,"alpha_2":0.023409035056829453,"_step":19900,"ics_weight":2.1901745796203613,"res_loss":4.854618964600377e-06,"ics_loss":2.0953987132088514e-06,"res_weight":0.653465986251831,"alpha_0":0.025133460760116577,"alpha_1":0.01948571391403675}