{"_runtime":11.56541,"res_weight":0.9501644310975946,"res_loss":98.84979744824093,"_wandb":{"runtime":11},"_timestamp":1.728784954857609e+09,"l2_error":1.544008772418944,"_step":0,"ics_weight":16.10754172822452,"ics_loss":1.7570057957415668}