{"_runtime":15.669418,"_timestamp":1.72878345279793e+09,"l2_error":1.544008772418944,"res_loss":98.84979744824108,"ics_weight":16.10754172822452,"_wandb":{"runtime":15},"_step":0,"ics_loss":1.7570057957415672,"res_weight":0.9501644310975946}