{"l2_error":1.2943687438964844,"res_loss":7.404178142547607,"_timestamp":1.7288317064912121e+09,"_wandb":{"runtime":13},"_runtime":13.935874,"ics_weight":3.8598055839538574,"ics_loss":0.39091432094573975,"res_weight":0.9508586525917053,"_step":0}