{"res_loss":7.404178142547607,"_timestamp":1.728788190765265e+09,"_runtime":10.817436,"_wandb":{"runtime":10},"res_weight":0.9508586525917053,"ics_weight":3.8598055839538574,"ics_loss":0.39091432094573975,"_step":0,"l2_error":1.2943687438964844}