{"ics_weight":2.162557601928711,"l2_error":0.5452538728713989,"cas_weight":0.7172515988349915,"ics_loss":0.00031676108483225107,"_wandb":{"runtime":1204},"_timestamp":1.727232696565668e+09,"res_loss":0.009212920442223549,"_runtime":1204.737976,"_step":2900,"res_weight":0.8935240507125854}