{"ics_loss":9.431449825569871e-07,"alpha_2":0.018010839819908142,"alpha_1":0.02271653339266777,"l2_error":0.002432700013741851,"_wandb":{"runtime":8722},"ics_weight":1,"_timestamp":1.7276469400454268e+09,"_step":29900,"alpha_0":0.022560620680451393,"_runtime":8722.485519,"res_weight":1,"res_loss":2.3243133000505622e-06}