{"_wandb":{"runtime":1271},"ics_loss":0.001669866731390357,"res_weight":0.8679400086402893,"l2_error":0.5154088139533997,"_timestamp":1.728842103382827e+09,"_runtime":1271.216656,"res_loss":0.01782078668475151,"_step":2900,"ics_weight":6.6340556144714355}