{"_runtime":9.982006,"_timestamp":1.728783202034814e+09,"ics_weight":16.10754172822452,"_step":0,"l2_error":1.5440087724189437,"ics_loss":1.7570057957415668,"res_weight":0.9501644310975946,"res_loss":98.84979744824093,"_wandb":{"runtime":9}}