{"res_weight":0.9508586525917053,"_wandb":{"runtime":16},"l2_error":1.2943687438964844,"_timestamp":1.7288294560252218e+09,"_runtime":16.289895,"ics_loss":0.39091432094573975,"res_loss":7.404178142547607,"ics_weight":3.8598055839538574,"_step":0}