{"l2_error":1.2943687438964844,"res_loss":7.404178142547607,"res_weight":0.9508586525917053,"ics_loss":0.39091432094573975,"ics_weight":3.8598055839538574,"_runtime":16.265869,"_wandb":{"runtime":16},"_timestamp":1.728829981384392e+09,"_step":0}