{"_runtime":1613.897877,"res_weight":1.035354495048523,"cas_weight":0.9855852723121643,"ics_weight":1.4067468643188477,"_step":2900,"_wandb":{"runtime":1613},"res_loss":0.0004615806392394006,"ics_loss":0.00012892343511339277,"_timestamp":1.727235586445274e+09,"l2_error":0.012096730060875416}