{"alpha_1":-0.019364209845662117,"ics_weight":2.369999647140503,"l2_error":0.0043129464611411095,"ics_loss":3.6428464227356017e-06,"res_weight":0.640777587890625,"res_loss":1.354137475573225e-05,"_wandb":{"runtime":17798},"_timestamp":1.7281087414599738e+09,"alpha_0":0.022030461579561234,"alpha_2":0.022466382011771202,"_runtime":17798.230618,"_step":29900}