{"res_loss":1.3429523733066162e-06,"_wandb":{"runtime":2888},"_runtime":2888.676168,"l2_error":0.003887537168338895,"_timestamp":1.727335100296671e+09,"ics_loss":2.541458343330305e-06,"ics_weight":1,"res_weight":1,"_step":29900}