{"ics_loss":6.8730682869500015e-06,"_runtime":15651.586446,"alpha_2":0.020724384114146233,"_timestamp":1.727920007337748e+09,"l2_error":0.0063789826817810535,"ics_weight":2.228419780731201,"res_weight":0.6458539962768555,"alpha_0":0.02211962267756462,"alpha_1":0.012595849111676216,"_step":29900,"res_loss":1.8494429241400212e-05,"_wandb":{"runtime":15651}}