{"l2_error":1.2943687438964844,"_timestamp":1.728788104708562e+09,"_step":0,"res_loss":7.404178142547607,"ics_weight":3.8598055839538574,"res_weight":0.9508586525917053,"_wandb":{"runtime":10},"_runtime":10.761746,"ics_loss":0.39091432094573975}