{"_timestamp":1.728782287288179e+09,"_wandb":{"runtime":7},"ics_loss":0.39091432094573975,"ics_weight":3.8598055839538574,"l2_error":1.2943686246871948,"_step":0,"res_loss":7.404177665710449,"res_weight":0.9508586525917053,"_runtime":7.392111}