{"ics_weight":3.550902843475342,"res_weight":0.9509606957435608,"l2_error":1.2943686246871948,"_runtime":56.191723,"ics_loss":0.39091432094573975,"_step":0,"res_loss":7.4663543701171875,"_wandb":{"runtime":56},"_timestamp":1.728780175748422e+09}