{"res_weight":0.9508586525917053,"_runtime":11.214291,"ics_loss":0.39091432094573975,"_wandb":{"runtime":11},"res_loss":7.404178142547607,"l2_error":1.2943687438964844,"_timestamp":1.728788467231204e+09,"_step":0,"ics_weight":3.8598055839538574}