{"l2_error":1.544008772418944,"_runtime":15.128047,"res_weight":0.9501644310975946,"_timestamp":1.7287843025902221e+09,"ics_weight":16.10754172822452,"res_loss":98.84979744824108,"_wandb":{"runtime":15},"_step":0,"ics_loss":1.7570057957415672}