{"res_loss":7.404177665710449,"_runtime":13.603001,"_timestamp":1.7288318735477839e+09,"ics_weight":3.8598055839538574,"res_weight":0.9508586525917053,"_step":0,"l2_error":1.2943686246871948,"ics_loss":0.39091432094573975,"_wandb":{"runtime":13}}