{"l2_error":0.02988327480852604,"ics_weight":4.885523319244385,"_wandb":{"runtime":2446},"_timestamp":1.729037596771659e+09,"res_weight":0.8937268853187561,"res_loss":4.21190052293241e-05,"alpha_0":-0.06052615866065025,"_step":2900,"alpha_1":-0.055474892258644104,"ics_loss":1.297030394198373e-06,"cas_weight":0.9987107515335083,"_runtime":2446.151009,"alpha_2":-0.06382115185260773}