{"res_weight":0.9501644310975946,"_wandb":{"runtime":15},"ics_weight":16.10754172822452,"_timestamp":1.728783613612618e+09,"ics_loss":1.7570057957415672,"res_loss":98.84979744824108,"l2_error":1.544008772418944,"_runtime":15.519454,"_step":0}