{"res_loss":1.0605815532471752e-06,"l2_error":0.0014737934106960893,"_runtime":15046.925961,"res_weight":0.5975906848907471,"ics_weight":3.1224589347839355,"alpha_1":0.02225036919116974,"_timestamp":1.7277341815289578e+09,"_step":29900,"alpha_0":0.020901387557387352,"ics_loss":3.6106811762692814e-07,"alpha_2":0.02284449338912964,"_wandb":{"runtime":15046}}