{"ics_loss":0.39091432094573975,"l2_error":1.2943686246871948,"res_weight":0.9508586525917053,"_step":0,"_timestamp":1.7287822177566311e+09,"_runtime":7.350574,"ics_weight":3.8598055839538574,"res_loss":7.404177665710449,"_wandb":{"runtime":7}}