{"_step":0,"ics_loss":0.39091432094573975,"l2_error":1.2943686246871948,"_timestamp":1.7287821883007512e+09,"_wandb":{"runtime":11},"ics_weight":3.8598055839538574,"_runtime":11.455595,"res_loss":7.404177665710449,"res_weight":0.9508586525917053}