{"res_weight":0.9508586525917053,"_timestamp":1.72878617616758e+09,"_runtime":12.094995,"ics_weight":3.8598055839538574,"l2_error":1.2943687438964844,"res_loss":7.404178142547607,"_wandb":{"runtime":12},"_step":0,"ics_loss":0.39091432094573975}