{"res_weight":0.9509124159812927,"ics_weight":3.6883950233459473,"_timestamp":1.728586163083207e+09,"alpha_2":0,"ics_loss":0.034155745059251785,"res_loss":0.1452295035123825,"alpha_0":0,"_step":0,"l2_error":0.35208773612976074,"_wandb":{"runtime":16},"alpha_1":0,"_runtime":16.396979}