{"_runtime":17.255658,"res_loss":7.404178142547607,"l2_error":1.2943687438964844,"_timestamp":1.728829509277646e+09,"_wandb":{"runtime":17},"res_weight":0.9508586525917053,"ics_weight":3.8598055839538574,"ics_loss":0.39091432094573975,"_step":0}