{"ics_weight":16.10754172822452,"ics_loss":1.7570057957415672,"res_weight":0.9501644310975946,"_timestamp":1.72878334598783e+09,"_runtime":14.974491,"res_loss":98.84979744824108,"_step":0,"_wandb":{"runtime":14},"l2_error":1.544008772418944}