{"l2_error":0.0004612702177837491,"ics_weight":1.287752628326416,"alpha_0":0.0027359798550605774,"res_loss":3.0084970603638794e-07,"_step":2900,"_timestamp":1.7272408255446699e+09,"_wandb":{"runtime":2386},"res_weight":0.907886803150177,"alpha_2":0.0029711308889091015,"cas_weight":0.9999906420707703,"alpha_1":0.0030110012739896774,"_runtime":2386.03039,"ics_loss":3.57832988129303e-07}