{"ics_weight":16.10754172822452,"ics_loss":1.7570057957415668,"l2_error":1.544008772418944,"_runtime":11.142112,"_step":0,"res_weight":0.9501644310975946,"_timestamp":1.728785007504799e+09,"res_loss":98.84979744824093,"_wandb":{"runtime":11}}