{"_wandb":{"runtime":20},"res_loss":5.594503402709961,"res_weight":1,"_timestamp":1.727332176463399e+09,"ics_weight":1,"l2_error":2.619436264038086,"_runtime":20.654916,"_step":0,"ics_loss":1.2392058372497559}