{"ics_loss":0.39091432094573975,"ics_weight":3.8598055839538574,"_wandb":{"runtime":7},"_runtime":7.411458,"res_loss":7.404177665710449,"l2_error":1.2943686246871948,"_timestamp":1.72878231269598e+09,"res_weight":0.9508586525917053,"_step":0}