{"ics_loss":0.00031676108483225107,"_runtime":1726.289366,"_step":2900,"cas_weight":0.7172515988349915,"l2_error":0.5452538728713989,"ics_weight":2.162557601928711,"res_loss":0.009212920442223549,"res_weight":0.8935240507125854,"_wandb":{"runtime":1726},"_timestamp":1.727235421122495e+09}