{"alpha_1":-0.022684616968035698,"_timestamp":1.728851242575777e+09,"ics_loss":0.00019923975924029946,"alpha_0":-0.02154034934937954,"res_loss":0.0010311728110536933,"cas_weight":0.969946563243866,"l2_error":0.3409801423549652,"_wandb":{"runtime":6527},"_runtime":6527.814411,"res_weight":0.8932966589927673,"alpha_2":-0.02366948314011097,"ics_weight":5.796567916870117,"_step":2900}