{"_wandb":{"runtime":7},"_runtime":7.343506,"_step":0,"ics_weight":3.8598055839538574,"ics_loss":0.39091432094573975,"res_weight":0.9508586525917053,"l2_error":1.2943686246871948,"res_loss":7.404177665710449,"_timestamp":1.7287830898001459e+09}